행정구역,2021년_계_총인구수,2021년_계_연령구간인구수,2021년_계_0~9세,2021년_계_10~19세,2021년_계_20~29세,2021년_계_30~39세,2021년_계_40~49세,2021년_계_50~59세,2021년_계_60~69세,2021년_계_70~79세,2021년_계_80~89세,2021년_계_90~99세,2021년_계_100세 이상
서울특별시  ,"9,509,458","9,509,458","583,683","756,136","1,422,277","1,439,279","1,480,780","1,507,194","1,285,922","695,800","295,009","41,735","1,643"
서울특별시 종로구 ,"144,683","144,683","6,984","10,381","22,802","19,470","20,969","24,957","20,352","11,637","6,149",950,32
서울특별시 중구 ,"122,499","122,499","6,299","6,474","18,309","19,886","17,379","20,043","18,083","10,221","4,967",812,26
서울특별시 용산구 ,"222,953","222,953","12,653","14,692","32,778","37,719","33,781","36,122","29,169","15,960","8,591","1,417",71
서울특별시 성동구 ,"285,990","285,990","19,222","18,903","43,463","46,815","43,346","46,154","37,768","20,111","9,002","1,158",48
서울특별시 광진구 ,"339,996","339,996","17,744","24,774","61,616","54,715","50,470","53,801","44,152","21,933","9,495","1,246",50
서울특별시 동대문구 ,"337,400","337,400","19,590","22,767","56,271","49,023","49,002","52,243","47,532","27,290","12,143","1,470",69
서울특별시 중랑구 ,"387,350","387,350","21,285","25,432","54,128","57,025","55,710","67,518","60,705","31,176","12,702","1,602",67
서울특별시 성북구 ,"430,528","430,528","27,326","35,986","65,580","58,415","67,446","69,280","56,803","32,464","15,136","2,027",65
서울특별시 강북구 ,"299,182","299,182","14,148","20,796","41,001","37,120","43,923","51,700","47,172","29,304","12,507","1,466",45
서울특별시 도봉구 ,"317,366","317,366","17,044","24,311","41,496","39,246","46,156","56,006","51,366","27,483","12,478","1,691",89
서울특별시 노원구 ,"510,956","510,956","30,658","50,312","69,956","63,138","81,770","87,029","70,747","37,296","17,393","2,571",86
서울특별시 은평구 ,"473,307","473,307","27,655","37,208","65,282","67,027","74,103","77,244","67,015","38,521","17,089","2,091",72
서울특별시 서대문구 ,"304,819","304,819","18,881","22,493","48,896","44,235","45,250","48,640","39,700","23,288","11,802","1,561",73
서울특별시 마포구 ,"368,905","368,905","23,661","27,705","61,353","63,597","59,819","54,962","41,205","23,378","11,521","1,632",72
서울특별시 양천구 ,"447,302","447,302","29,534","49,472","57,388","55,657","76,508","76,170","60,280","29,215","11,300","1,721",57
서울특별시 강서구 ,"574,315","574,315","36,646","43,517","85,652","97,831","89,266","84,408","79,382","39,405","15,603","2,523",82
서울특별시 구로구 ,"396,754","396,754","25,967","29,191","53,703","61,071","61,183","62,294","57,489","31,972","12,288","1,554",42
서울특별시 금천구 ,"230,811","230,811","11,676","13,955","37,202","36,570","31,638","39,348","34,564","17,974","6,976",878,30
서울특별시 영등포구 ,"376,837","376,837","24,756","23,640","58,693","69,403","55,441","56,262","48,250","26,867","11,950","1,522",53
서울특별시 동작구 ,"385,483","385,483","22,992","26,967","64,882","60,826","57,207","58,073","50,478","29,582","12,617","1,775",84
서울특별시 관악구 ,"485,699","485,699","19,843","27,057","108,154","85,556","65,543","67,025","59,970","36,640","14,186","1,664",61
서울특별시 서초구 ,"412,279","412,279","31,699","44,477","52,009","59,545","75,078","62,579","48,095","26,738","10,219","1,747",93
서울특별시 강남구 ,"533,042","533,042","34,726","59,141","70,774","77,662","97,729","81,956","61,527","34,567","12,600","2,254",106
서울특별시 송파구 ,"658,338","658,338","48,373","57,635","90,422","106,630","107,209","101,614","87,536","41,260","15,002","2,567",90
서울특별시 강동구 ,"462,664","462,664","34,321","38,850","60,467","71,097","74,854","71,766","66,582","31,518","11,293","1,836",80
부산광역시  ,"3,350,380","3,350,380","219,611","266,105","415,549","405,300","502,391","554,768","548,878","298,128","123,791","15,457",402
부산광역시 중구 ,"40,524","40,524","1,117","1,872","5,839","4,477","5,118","6,722","7,918","4,962","2,169",323,7
부산광역시 서구 ,"105,164","105,164","5,310","7,082","13,028","10,552","14,164","17,090","19,315","12,232","5,659",714,18
부산광역시 동구 ,"87,679","87,679","3,964","4,824","10,278","10,400","11,575","14,296","16,111","10,677","4,935",604,15
부산광역시 영도구 ,"110,638","110,638","4,874","7,042","11,465","10,253","14,550","18,600","22,346","14,549","6,222",710,27
부산광역시 부산진구 ,"353,159","353,159","20,097","24,034","50,989","47,020","50,121","56,616","57,250","31,720","13,738","1,549",25
부산광역시 동래구 ,"266,866","266,866","18,726","24,522","31,201","31,643","42,507","43,330","42,034","22,835","8,917","1,123",28
부산광역시 남구 ,"262,069","262,069","16,611","22,527","34,143","28,193","40,440","42,202","41,484","25,136","10,112","1,191",30
부산광역시 북구 ,"283,211","283,211","18,340","22,445","35,666","33,678","39,791","52,430","48,637","22,196","8,898","1,107",23
부산광역시 해운대구 ,"396,438","396,438","27,097","36,918","46,850","45,120","63,976","69,405","60,122","31,233","13,822","1,840",55
부산광역시 사하구 ,"306,003","306,003","18,330","24,510","38,220","34,919","44,747","53,211","53,340","26,964","10,369","1,367",26
부산광역시 금정구 ,"228,049","228,049","12,089","17,215","32,019","24,174","31,261","39,018","39,694","21,942","9,406","1,201",30
부산광역시 강서구 ,"142,918","142,918","19,700","12,957","12,565","26,821","26,072","17,201","17,050","7,224","2,845",471,12
부산광역시 연제구 ,"207,144","207,144","13,970","16,236","24,911","26,303","31,562","33,531","33,606","18,582","7,528",889,26
부산광역시 수영구 ,"175,095","175,095","9,838","11,464","23,723","23,505","24,951","27,141","29,010","17,297","7,213",924,29
부산광역시 사상구 ,"208,298","208,298","11,268","14,409","27,690","24,248","28,452","38,940","38,474","17,718","6,422",657,20
부산광역시 기장군 ,"177,125","177,125","18,280","18,048","16,962","23,994","33,104","25,035","22,487","12,861","5,536",787,31
대구광역시  ,"2,385,412","2,385,412","167,823","218,537","308,921","284,865","372,555","419,444","342,291","177,828","82,781","10,122",245
대구광역시 중구 ,"74,791","74,791","5,002","5,003","11,372","10,583","10,604","11,025","10,225","7,000","3,475",480,22
대구광역시 동구 ,"341,436","341,436","23,998","26,205","40,513","43,183","50,977","56,436","53,656","30,763","14,073","1,592",40
대구광역시 서구 ,"164,528","164,528","6,779","10,107","19,897","16,715","21,323","32,298","32,000","17,251","7,373",767,18
대구광역시 남구 ,"143,175","143,175","6,329","8,943","19,735","16,713","19,414","24,204","24,316","14,893","7,636",974,18
대구광역시 북구 ,"437,008","437,008","31,921","41,761","61,011","52,587","70,291","78,215","57,534","28,982","13,157","1,518",31
대구광역시 수성구 ,"417,097","417,097","28,406","49,315","52,915","41,672","69,974","74,743","54,283","29,098","14,636","1,998",57
대구광역시 달서구 ,"544,926","544,926","36,879","52,726","75,096","62,906","85,255","101,488","77,707","35,207","15,695","1,925",42
대구광역시 달성군 ,"262,451","262,451","28,509","24,477","28,382","40,506","44,717","41,035","32,570","14,634","6,736",868,17
인천광역시  ,"2,948,375","2,948,375","217,384","271,131","391,051","402,091","481,066","510,969","399,128","179,244","82,853","13,041",417
인천광역시 중구 ,"143,633","143,633","11,661","13,147","18,940","21,991","25,234","21,230","17,316","9,371","4,047",672,24
인천광역시 중구영종출장소 ,0,0,0,0,0,0,0,0,0,0,0,0,0
인천광역시 중구용유출장소 ,0,0,0,0,0,0,0,0,0,0,0,0,0
인천광역시 동구 ,"61,486","61,486","3,473","4,905","6,381","6,750","9,698","9,953","10,397","6,487","2,980",450,12
인천광역시 미추홀구 ,"407,464","407,464","26,104","31,520","56,905","55,834","63,525","67,377","59,014","31,167","13,915","2,042",61
인천광역시 연수구 ,"389,644","389,644","37,087","43,121","50,625","56,494","69,025","65,224","43,076","15,856","7,694","1,393",49
인천광역시 남동구 ,"518,272","518,272","38,030","48,654","68,723","69,084","86,799","89,137","70,806","31,394","13,473","2,100",72
인천광역시 부평구 ,"486,765","486,765","30,404","41,454","67,235","66,031","74,842","87,957","70,399","31,540","14,661","2,171",71
인천광역시 계양구 ,"295,696","295,696","17,269","25,481","42,409","38,076","44,577","59,417","43,573","15,806","7,840","1,221",27
인천광역시 서구 ,"555,380","555,380","49,272","57,186","72,140","80,789","97,411","95,472","64,760","25,323","11,136","1,821",70
인천광역시 서구검단출장소 ,0,0,0,0,0,0,0,0,0,0,0,0,0
인천광역시 강화군 ,"69,693","69,693","3,204","4,566","5,129","5,201","7,661","11,745","15,383","9,939","5,950",898,17
인천광역시 옹진군 ,"20,342","20,342",880,"1,097","2,564","1,841","2,294","3,457","4,404","2,361","1,157",273,14
광주광역시  ,"1,441,611","1,441,611","114,065","152,404","206,472","181,189","236,167","235,764","172,124","94,547","42,636","6,066",177
광주광역시 동구 ,"103,470","103,470","7,294","7,263","14,859","13,419","14,115","15,475","15,134","10,228","4,976",688,19
광주광역시 서구 ,"291,231","291,231","20,175","29,862","44,576","35,000","46,978","49,483","35,833","19,467","8,610","1,208",39
광주광역시 남구 ,"215,575","215,575","17,062","22,739","27,524","25,221","34,277","32,988","29,154","17,585","7,860","1,137",28
광주광역시 북구 ,"427,114","427,114","31,994","41,359","61,142","54,563","65,746","71,348","56,057","30,050","12,971","1,827",57
광주광역시 광산구 ,"404,221","404,221","37,540","51,181","58,371","52,986","75,051","66,470","35,946","17,217","8,219","1,206",34
대전광역시  ,"1,452,251","1,452,251","107,548","142,175","209,397","189,669","231,018","240,017","190,514","92,390","43,199","6,155",169
대전광역시 동구 ,"222,222","222,222","14,156","19,474","30,090","25,243","33,446","36,280","34,291","19,154","8,880","1,174",34
대전광역시 중구 ,"230,341","230,341","13,883","20,948","30,051","24,970","35,204","38,869","34,798","20,521","9,735","1,326",36
대전광역시 서구 ,"473,365","473,365","35,861","48,149","72,847","64,713","76,261","76,797","58,390","26,485","12,047","1,766",49
대전광역시 유성구 ,"351,277","351,277","33,129","37,818","52,312","54,802","59,950","54,745","36,673","13,867","6,816","1,141",24
대전광역시 대덕구 ,"175,046","175,046","10,519","15,786","24,097","19,941","26,157","33,326","26,362","12,363","5,721",748,26
울산광역시  ,"1,121,592","1,121,592","92,018","109,990","137,422","144,891","183,954","207,056","155,775","63,024","24,119","3,276",67
울산광역시 중구 ,"212,883","212,883","15,265","19,455","25,187","25,105","33,097","40,252","33,526","14,861","5,467",657,11
울산광역시 남구 ,"313,819","313,819","22,540","29,145","43,368","40,846","49,604","60,666","43,790","17,133","5,993",721,13
울산광역시 동구 ,"154,096","154,096","13,711","15,654","16,724","21,336","26,172","24,775","23,831","8,881","2,645",359,8
울산광역시 북구 ,"218,735","218,735","24,039","23,783","26,213","32,810","39,009","38,898","22,365","7,904","3,224",473,17
울산광역시 울주군 ,"222,059","222,059","16,463","21,953","25,930","24,794","36,072","42,465","32,263","14,245","6,790","1,066",18
세종특별자치시  ,"371,895","371,895","47,063","45,794","38,510","61,719","72,764","48,876","33,522","14,775","7,557","1,288",27
세종특별자치시  ,"371,895","371,895","47,063","45,794","38,510","61,719","72,764","48,876","33,522","14,775","7,557","1,288",27
경기도  ,"13,565,450","13,565,450","1,099,927","1,321,005","1,798,269","1,900,447","2,296,173","2,274,844","1,669,601","773,573","374,488","55,363","1,760"
북부출장소  ,0,0,0,0,0,0,0,0,0,0,0,0,0
경기도 수원시 ,"1,183,714","1,183,714","91,037","115,369","184,258","177,205","199,224","197,487","131,329","56,826","26,801","4,036",142
경기도 수원시 장안구 ,"273,835","273,835","17,502","27,765","43,509","33,068","44,157","49,282","33,446","15,772","7,996","1,301",37
경기도 수원시 권선구 ,"364,136","364,136","29,791","32,524","52,863","56,472","60,467","61,603","43,524","17,636","8,036","1,172",48
경기도 수원시 팔달구 ,"182,321","182,321","10,055","13,684","30,306","27,063","27,452","31,125","24,522","11,977","5,407",703,27
경기도 수원시 영통구 ,"363,422","363,422","33,689","41,396","57,580","60,602","67,148","55,477","29,837","11,441","5,362",860,30
경기도 성남시 ,"930,948","930,948","65,673","85,554","127,520","135,164","153,076","155,353","120,379","57,626","26,243","4,228",132
경기도 성남시 수정구 ,"235,988","235,988","14,911","16,814","33,642","34,981","36,276","40,067","34,874","16,864","6,655",870,34
경기도 성남시 중원구 ,"210,777","210,777","12,166","15,618","29,885","30,636","31,570","36,767","32,076","15,156","6,024",852,27
경기도 성남시 분당구 ,"484,183","484,183","38,596","53,122","63,993","69,547","85,230","78,519","53,429","25,606","13,564","2,506",71
경기도 의정부시 ,"463,661","463,661","32,996","41,616","64,284","60,071","73,614","81,152","61,579","31,279","15,055","1,960",55
경기도 안양시 ,"547,178","547,178","37,820","50,835","74,873","77,334","85,661","96,054","75,518","32,006","14,747","2,271",59
경기도 안양시 만안구 ,"238,311","238,311","14,791","18,126","33,537","33,149","34,205","42,745","36,733","16,598","7,369","1,031",27
경기도 안양시 동안구 ,"308,867","308,867","23,029","32,709","41,336","44,185","51,456","53,309","38,785","15,408","7,378","1,240",32
경기도 부천시 ,"806,067","806,067","53,029","67,956","112,129","112,466","125,249","144,782","118,614","47,504","20,979","3,236",123
경기도 광명시 ,"292,893","292,893","21,820","29,533","36,783","39,974","49,814","48,957","39,425","17,625","7,816","1,113",33
경기도 평택시 ,"564,288","564,288","50,065","54,204","77,667","86,448","97,562","91,369","61,059","28,855","14,963","2,036",60
경기도 송탄출장소 ,0,0,0,0,0,0,0,0,0,0,0,0,0
경기도 안중출장소 ,0,0,0,0,0,0,0,0,0,0,0,0,0
경기도 동두천시 ,"93,592","93,592","5,830","8,392","11,053","10,009","13,815","16,452","14,139","8,523","4,755",603,21
경기도 안산시 ,"652,726","652,726","41,776","61,237","105,330","85,216","103,891","128,126","79,223","30,184","15,378","2,287",78
경기도 안산시 상록구 ,"350,668","350,668","21,870","33,057","57,795","43,876","55,489","69,321","42,156","16,881","8,853","1,326",44
경기도 안산시 단원구 ,"302,058","302,058","19,906","28,180","47,535","41,340","48,402","58,805","37,067","13,303","6,525",961,34
경기도 고양시 ,"1,079,353","1,079,353","77,938","102,354","146,570","142,754","177,365","197,066","133,115","61,394","35,438","5,208",151
경기도 고양시 덕양구 ,"482,927","482,927","37,138","41,209","61,897","69,046","78,294","84,104","62,484","30,344","16,125","2,218",68
경기도 고양시 일산동구 ,"298,873","298,873","19,825","28,709","43,692","38,249","49,522","56,499","36,055","15,423","9,359","1,504",36
경기도 고양시 일산서구 ,"297,553","297,553","20,975","32,436","40,981","35,459","49,549","56,463","34,576","15,627","9,954","1,486",47
경기도 과천시 ,"73,345","73,345","6,488","7,014","9,710","10,669","10,892","12,677","9,288","4,086","2,115",394,12
경기도 구리시 ,"191,948","191,948","13,946","17,311","25,915","25,118","31,306","34,889","26,034","11,548","5,201",662,18
경기도 남양주시 ,"733,798","733,798","63,527","78,293","86,336","90,426","132,228","122,453","90,900","46,068","20,519","2,934",114
경기도 풍양출장소 ,0,0,0,0,0,0,0,0,0,0,0,0,0
경기도 오산시 ,"229,983","229,983","21,682","24,904","31,150","37,349","43,914","34,049","22,019","9,954","4,385",560,17
경기도 시흥시 ,"512,030","512,030","47,577","50,216","68,964","77,837","92,511","90,045","53,472","20,154","9,691","1,508",55
경기도 군포시 ,"268,535","268,535","18,634","25,451","36,836","37,102","42,586","47,483","36,014","15,118","8,014","1,255",42
경기도 의왕시 ,"163,356","163,356","12,631","14,070","22,666","22,916","24,033","29,275","23,335","9,154","4,484",773,19
경기도 하남시 ,"320,087","320,087","32,803","28,465","38,289","53,476","57,481","45,575","39,037","17,366","6,445","1,112",38
경기도 용인시 ,"1,077,508","1,077,508","94,607","120,420","137,886","140,537","197,392","171,534","114,056","65,921","30,546","4,463",146
경기도 용인시 처인구 ,"260,198","260,198","19,959","24,709","34,685","33,398","43,521","44,111","34,423","16,215","7,913","1,231",33
경기도 용인시 기흥구 ,"441,742","441,742","39,745","50,461","57,187","57,095","82,407","69,913","44,188","26,471","12,415","1,796",64
경기도 용인시 수지구 ,"375,568","375,568","34,903","45,250","46,014","50,044","71,464","57,510","35,445","23,235","10,218","1,436",49
경기도 파주시 ,"483,245","483,245","43,432","50,266","59,462","68,443","82,974","77,146","54,958","28,837","15,420","2,244",63
경기도 이천시 ,"223,177","223,177","17,883","22,148","31,355","30,906","35,058","35,688","28,797","13,179","7,132","1,007",24
경기도 안성시 ,"189,534","189,534","13,123","17,717","23,111","22,791","30,184","31,990","27,745","13,840","7,869","1,132",32
경기도 김포시 ,"486,508","486,508","53,677","49,972","52,405","75,094","92,370","69,269","53,848","26,645","11,467","1,711",50
경기도 화성시 ,"887,015","887,015","101,318","101,090","109,069","151,247","171,781","122,796","78,498","33,254","15,632","2,275",55
경기도 화성시동부출장소 ,0,0,0,0,0,0,0,0,0,0,0,0,0
경기도 화성시동탄출장소 ,0,0,0,0,0,0,0,0,0,0,0,0,0
경기도 광주시 ,"387,289","387,289","33,239","33,989","44,958","55,722","68,000","65,287","52,575","22,867","9,295","1,311",46
경기도 양주시 ,"236,368","236,368","19,651","24,277","27,716","28,102","39,910","39,530","31,550","16,551","7,909","1,136",36
경기도 포천시 ,"148,939","148,939","8,110","11,721","18,190","14,638","19,751","29,284","26,957","12,309","6,920","1,021",38
경기도 여주시 ,"112,150","112,150","6,845","9,405","11,956","11,129","15,713","20,087","20,212","10,163","5,708",906,26
경기도 연천군 ,"42,721","42,721","2,541","3,048","5,114","4,099","4,727","6,946","8,009","4,823","2,982",414,18
경기도 가평군 ,"62,264","62,264","3,155","4,458","6,125","5,504","7,780","11,107","13,020","6,714","3,855",525,21
경기도 양평군 ,"121,230","121,230","7,074","9,720","10,589","10,701","16,311","20,936","24,897","13,200","6,724","1,042",36
강원도  ,"1,538,492","1,538,492","100,971","133,885","175,424","162,817","219,422","264,586","260,158","132,627","76,586","11,658",358
동해출장소  ,0,0,0,0,0,0,0,0,0,0,0,0,0
강원도 춘천시 ,"284,594","284,594","20,826","26,476","37,437","34,379","41,949","46,820","41,669","20,395","12,627","1,953",63
강원도 원주시 ,"357,757","357,757","27,420","35,362","44,938","45,429","56,864","61,255","50,069","21,409","12,978","1,978",55
강원도 강릉시 ,"212,965","212,965","12,837","18,449","24,560","21,221","31,762","36,670","35,766","19,512","10,438","1,698",52
강원도 동해시 ,"90,081","90,081","6,272","8,535","9,361","8,677","14,228","15,731","14,679","7,994","4,008",584,12
강원도 태백시 ,"40,844","40,844","2,301","3,665","3,452","3,296","6,095","6,981","7,804","4,789","2,204",255,2
강원도 속초시 ,"82,791","82,791","5,621","7,220","8,958","9,112","12,149","15,068","13,878","6,770","3,395",608,12
강원도 삼척시 ,"63,429","63,429","3,524","5,018","6,721","5,210","8,497","10,920","11,843","6,992","4,074",614,16
강원도 홍천군 ,"68,365","68,365","3,535","4,962","6,495","5,720","7,973","12,122","15,114","7,104","4,657",661,22
강원도 횡성군 ,"46,481","46,481","2,108","3,441","3,622","3,240","4,926","8,502","11,158","5,466","3,454",538,26
강원도 영월군 ,"37,904","37,904","1,549","2,748","3,136","2,620","4,322","7,097","8,503","4,688","2,858",370,13
강원도 평창군 ,"40,996","40,996","1,715","2,724","3,240","2,824","5,053","7,802","9,485","4,877","2,877",382,17
강원도 정선군 ,"35,675","35,675","1,628","2,412","2,625","2,755","4,626","6,682","7,925","4,373","2,312",327,10
강원도 철원군 ,"43,340","43,340","3,155","3,629","5,242","4,496","5,483","6,929","7,159","4,468","2,401",365,13
강원도 화천군 ,"24,195","24,195","1,709","1,721","3,567","2,763","2,608","3,758","4,133","2,207","1,491",228,10
강원도 양구군 ,"21,748","21,748","1,649","1,929","2,856","2,471","2,428","3,407","3,649","1,954","1,218",180,7
강원도 인제군 ,"32,165","32,165","2,499","2,236","4,209","3,981","3,938","5,107","5,730","2,589","1,610",259,7
강원도 고성군 ,"27,249","27,249","1,354","1,588","2,678","2,379","3,077","4,797","5,651","3,408","1,981",327,9
강원도 양양군 ,"27,913","27,913","1,269","1,770","2,327","2,244","3,444","4,938","5,943","3,632","2,003",331,12
충청북도  ,"1,597,427","1,597,427","116,975","146,411","194,415","190,607","237,327","270,874","241,697","120,068","69,193","9,592",268
충청북도 청주시 ,"848,482","848,482","71,136","84,739","118,755","117,775","135,963","137,868","105,609","47,969","25,055","3,517",96
충청북도 청주시 상당구 ,"193,827","193,827","15,904","19,650","24,415","23,399","30,482","33,421","26,351","12,455","6,752",972,26
충청북도 청주시 서원구 ,"192,899","192,899","12,811","19,409","28,114","22,254","29,693","33,740","27,020","12,532","6,424",882,20
충청북도 청주시 흥덕구 ,"267,429","267,429","23,434","26,297","40,499","41,340","43,211","42,996","30,094","12,507","6,154",877,20
충청북도 청주시 청원구 ,"194,327","194,327","18,987","19,383","25,727","30,782","32,577","27,711","22,144","10,475","5,725",786,30
충청북도 충주시 ,"209,358","209,358","13,756","18,472","23,613","22,837","30,153","37,001","34,440","17,156","10,516","1,384",30
충청북도 제천시 ,"131,591","131,591","8,188","11,339","14,271","12,312","17,667","23,490","24,399","12,298","6,751",838,38
충청북도 보은군 ,"31,878","31,878","1,334","2,017","2,247","2,016","3,135","5,605","7,353","4,423","3,220",514,14
충청북도 옥천군 ,"50,093","50,093","2,397","3,763","4,111","3,681","6,025","8,818","10,447","6,362","3,865",611,13
충청북도 영동군 ,"45,773","45,773","2,087","3,195","3,814","2,963","4,956","8,088","9,767","6,365","3,995",528,15
충청북도 증평군 ,"36,426","36,426","2,947","3,337","4,412","4,408","5,442","6,038","5,394","2,701","1,551",193,3
충청북도 진천군 ,"85,176","85,176","7,389","8,353","9,223","11,398","13,827","13,912","11,395","5,523","3,654",488,14
충청북도 괴산군 ,"38,122","38,122","1,248","1,942","2,757","2,291","3,756","7,313","9,494","5,345","3,477",484,15
충청북도 음성군 ,"92,197","92,197","5,407","7,394","9,161","9,120","13,343","17,395","16,580","8,149","4,885",744,19
충청북도 단양군 ,"28,331","28,331","1,086","1,860","2,051","1,806","3,060","5,346","6,819","3,777","2,224",291,11
충청남도  ,"2,119,257","2,119,257","162,726","200,673","238,297","259,565","325,419","340,591","299,801","172,067","104,173","15,528",417
충청남도 천안시 ,"658,486","658,486","58,699","67,655","95,113","102,296","111,649","104,130","69,859","30,759","15,914","2,345",67
충청남도 천안시 동남구 ,"255,292","255,292","18,805","25,588","34,563","31,663","41,824","43,402","33,990","15,811","8,358","1,254",34
충청남도 천안시 서북구 ,"403,194","403,194","39,894","42,067","60,550","70,633","69,825","60,728","35,869","14,948","7,556","1,091",33
충청남도 공주시 ,"103,145","103,145","5,304","7,911","10,904","8,926","12,846","17,853","19,508","11,433","7,288","1,140",32
충청남도 보령시 ,"98,408","98,408","5,616","8,043","9,094","8,848","13,356","16,641","17,910","11,320","6,568",987,25
충청남도 아산시 ,"324,580","324,580","31,531","35,511","37,503","48,272","58,246","48,416","35,069","18,368","10,192","1,429",43
충청남도 서산시 ,"176,645","176,645","14,755","17,111","18,885","21,597","27,812","28,792","23,804","14,009","8,521","1,321",38
충청남도 논산시 ,"114,483","114,483","6,729","9,433","10,792","10,191","14,649","19,240","20,943","12,833","8,384","1,260",29
충청남도 계룡시 ,"43,331","43,331","3,747","6,229","4,871","4,650","8,215","7,224","4,915","2,139","1,145",193,3
충청남도 당진시 ,"167,092","167,092","14,564","15,832","15,765","21,689","27,006","26,634","22,688","13,380","8,285","1,214",35
충청남도 금산군 ,"50,477","50,477","2,316","4,102","3,709","3,362","5,946","8,856","10,415","6,779","4,391",591,10
충청남도 부여군 ,"63,774","63,774","2,659","4,438","5,047","4,103","6,749","10,268","13,599","9,287","6,534","1,057",33
충청남도 서천군 ,"50,745","50,745","2,121","3,322","3,612","3,196","5,409","8,196","10,545","8,008","5,396",919,21
충청남도 청양군 ,"30,440","30,440","1,175","1,936","2,513","1,936","2,950","5,057","6,548","4,435","3,387",494,9
충청남도 홍성군 ,"99,324","99,324","7,358","9,458","9,298","10,078","14,183","15,726","15,545","10,123","6,569",962,24
충청남도 예산군 ,"76,801","76,801","3,324","5,436","6,464","5,766","9,022","13,015","15,628","10,332","6,862",919,33
충청남도 태안군 ,"61,526","61,526","2,828","4,256","4,727","4,655","7,381","10,543","12,825","8,862","4,737",697,15
전라북도  ,"1,786,855","1,786,855","119,673","170,128","206,579","182,181","259,675","298,654","268,393","170,337","95,991","14,839",405
전라북도 전주시 ,"657,269","657,269","51,443","70,071","92,498","80,960","104,928","107,276","81,129","44,980","20,859","3,054",71
전라북도 전주시 완산구 ,"335,804","335,804","23,057","34,610","48,640","39,088","51,369","57,172","44,491","24,351","11,256","1,728",42
전라북도 전주시 덕진구 ,"321,465","321,465","28,386","35,461","43,858","41,872","53,559","50,104","36,638","20,629","9,603","1,326",29
전라북도 전주시효자출장소 ,0,0,0,0,0,0,0,0,0,0,0,0,0
전라북도 군산시 ,"265,304","265,304","19,483","26,150","29,021","29,074","42,523","44,185","39,086","23,380","10,670","1,691",41
전라북도 익산시 ,"278,113","278,113","17,514","27,014","34,997","27,390","40,310","48,537","42,355","24,794","13,030","2,131",41
전라북도 익산시함열출장소 ,0,0,0,0,0,0,0,0,0,0,0,0,0
전라북도 정읍시 ,"106,487","106,487","5,840","9,257","10,199","8,394","14,043","18,118","17,772","13,055","8,507","1,255",47
전라북도 남원시 ,"79,431","79,431","4,595","7,093","7,320","6,020","10,118","13,595","13,508","9,676","6,425","1,052",29
전라북도 김제시 ,"80,913","80,913","3,874","6,040","6,942","6,196","9,549","13,237","15,081","11,203","7,495","1,257",39
전라북도 완주군 ,"91,142","91,142","6,324","8,177","8,745","8,842","13,207","15,316","14,830","9,295","5,506",878,22
전라북도 진안군 ,"24,987","24,987","1,147","1,619","1,810","1,507","2,536","4,420","5,215","3,729","2,610",386,8
전라북도 무주군 ,"23,748","23,748","1,066","1,772","1,697","1,622","2,720","4,122","4,664","3,253","2,468",343,21
전라북도 장수군 ,"21,695","21,695","1,025","1,627","1,548","1,400","2,405","3,635","4,394","3,075","2,258",316,12
전라북도 임실군 ,"26,730","26,730","1,285","1,574","1,887","1,814","2,664","4,497","5,243","4,200","3,077",475,14
전라북도 순창군 ,"26,855","26,855","1,272","2,151","1,906","1,752","3,096","4,387","5,058","3,938","2,855",424,16
전라북도 고창군 ,"53,386","53,386","2,454","4,066","4,021","3,574","5,833","8,775","10,130","8,094","5,509",905,25
전라북도 부안군 ,"50,795","50,795","2,351","3,517","3,988","3,636","5,743","8,554","9,928","7,665","4,722",672,19
전라남도  ,"1,832,803","1,832,803","123,712","163,148","193,735","178,428","252,254","312,463","284,871","191,022","115,490","17,216",464
전라남도 목포시 ,"218,589","218,589","16,347","23,802","26,198","23,618","36,047","35,988","29,966","17,972","7,648",979,24
전라남도 여수시 ,"276,762","276,762","19,546","25,624","32,673","29,664","40,592","48,140","42,319","25,130","11,312","1,724",38
전라남도 순천시 ,"281,436","281,436","22,538","29,444","36,739","32,763","42,487","49,217","36,527","19,284","10,716","1,670",51
전라남도 나주시 ,"116,726","116,726","9,845","9,643","12,211","14,425","16,746","17,408","17,014","11,344","6,980","1,080",30
전라남도 광양시 ,"150,531","150,531","12,656","15,648","19,258","18,061","23,102","29,443","18,319","8,388","4,789",849,18
전라남도 담양군 ,"46,180","46,180","2,177","2,985","4,543","3,534","5,118","8,192","8,766","6,148","4,077",613,27
전라남도 곡성군 ,"27,535","27,535",964,"1,859","2,173","1,619","2,886","4,753","5,295","4,105","3,288",579,14
전라남도 구례군 ,"25,235","25,235","1,024","1,774","1,882","1,506","2,707","4,555","4,910","3,781","2,685",398,13
전라남도 고흥군 ,"62,762","62,762","2,413","3,671","3,855","3,407","5,974","9,920","13,008","11,309","7,851","1,313",41
전라남도 보성군 ,"39,375","39,375","1,517","2,481","2,741","2,303","3,894","6,510","7,771","6,434","4,917",787,20
전라남도 화순군 ,"62,624","62,624","3,251","5,500","6,714","4,656","7,888","11,426","10,201","7,236","5,010",721,21
전라남도 장흥군 ,"36,547","36,547","1,834","2,605","2,869","2,513","3,825","6,135","6,736","5,341","3,998",677,14
전라남도 강진군 ,"33,753","33,753","1,531","2,404","2,705","2,237","3,546","5,512","6,461","5,056","3,692",599,10
전라남도 해남군 ,"67,166","67,166","3,598","4,971","5,379","4,585","7,606","11,350","12,704","9,829","6,232",888,24
전라남도 영암군 ,"52,937","52,937","3,175","4,280","4,898","4,426","7,185","9,465","8,581","6,139","4,191",586,11
전라남도 무안군 ,"91,107","91,107","8,171","9,699","9,488","11,153","14,514","13,513","11,561","7,899","4,481",610,18
전라남도 함평군 ,"31,274","31,274","1,210","1,994","2,334","1,838","3,264","5,354","6,197","4,907","3,628",533,15
전라남도 영광군 ,"51,985","51,985","3,631","4,000","4,661","4,592","6,218","8,415","8,671","6,956","4,279",537,25
전라남도 장성군 ,"43,365","43,365","2,438","3,164","3,897","3,369","5,239","7,435","7,642","5,717","3,922",528,14
전라남도 완도군 ,"48,631","48,631","2,887","3,490","3,562","3,611","5,916","7,871","8,737","7,319","4,589",633,16
전라남도 진도군 ,"30,066","30,066","1,547","2,153","2,417","2,079","3,398","4,958","5,515","4,519","3,074",397,9
전라남도 신안군 ,"38,217","38,217","1,412","1,957","2,538","2,469","4,102","6,903","7,970","6,209","4,131",515,11
경상북도  ,"2,626,609","2,626,609","178,515","221,964","276,021","279,475","377,180","454,427","433,047","244,151","140,963","20,313",553
경상북도 포항시 ,"503,852","503,852","37,303","46,200","56,622","57,588","76,741","89,130","82,934","38,543","16,407","2,324",60
경상북도 포항시 남구 ,"230,801","230,801","16,367","20,936","26,608","25,839","35,548","40,919","38,397","17,988","7,196",976,27
경상북도 포항시 북구 ,"273,051","273,051","20,936","25,264","30,014","31,749","41,193","48,211","44,537","20,555","9,211","1,348",33
경상북도 경주시 ,"251,889","251,889","15,375","20,189","25,692","24,522","35,744","46,590","43,321","25,011","13,521","1,875",49
경상북도 김천시 ,"140,239","140,239","9,980","12,209","14,146","14,498","19,216","23,564","23,391","13,488","8,449","1,265",33
경상북도 안동시 ,"156,972","156,972","9,970","13,343","16,268","14,980","21,625","25,727","26,818","16,671","10,016","1,513",41
경상북도 구미시 ,"412,581","412,581","38,692","44,170","54,463","62,965","72,728","70,065","43,315","16,494","8,411","1,248",30
경상북도 영주시 ,"101,942","101,942","5,742","8,608","9,477","8,121","13,410","17,337","19,200","11,785","7,112","1,101",49
경상북도 영천시 ,"101,888","101,888","5,527","6,547","9,646","9,149","12,245","18,106","19,721","12,741","7,291",894,21
경상북도 상주시 ,"95,566","95,566","4,902","7,295","7,641","7,029","10,949","16,169","19,155","12,388","8,621","1,381",36
경상북도 문경시 ,"71,154","71,154","3,827","5,427","6,140","5,416","8,563","11,824","14,084","9,183","5,792",867,31
경상북도 경산시 ,"268,369","268,369","19,729","22,857","36,271","32,967","41,676","45,856","37,558","20,275","9,888","1,262",30
경상북도 군위군 ,"22,945","22,945",605,919,"1,379","1,206","2,006","4,154","5,607","3,993","2,710",351,15
경상북도 의성군 ,"50,632","50,632","1,801","2,186","2,833","2,951","4,458","8,174","12,182","8,851","6,304",876,16
경상북도 청송군 ,"24,539","24,539",917,"1,149","1,572","1,554","2,239","4,471","5,734","3,970","2,583",339,11
경상북도 영양군 ,"16,320","16,320",675,892,"1,065",993,"1,602","2,846","3,611","2,583","1,772",268,13
경상북도 영덕군 ,"35,314","35,314","1,458","2,030","2,232","2,157","3,631","5,992","7,540","5,770","3,926",562,16
경상북도 청도군 ,"41,891","41,891","1,412","2,233","2,582","2,575","4,283","7,091","9,963","6,674","4,417",652,9
경상북도 고령군 ,"30,626","30,626","1,316","1,908","2,302","2,055","3,550","5,716","6,588","4,118","2,722",347,4
경상북도 성주군 ,"42,842","42,842","1,819","2,182","3,200","3,149","4,509","8,085","9,853","5,935","3,583",516,11
경상북도 칠곡군 ,"113,822","113,822","8,686","11,350","11,574","13,720","20,557","20,000","14,926","7,686","4,635",670,18
경상북도 예천군 ,"55,739","55,739","4,450","4,455","4,031","5,272","7,225","7,901","9,803","6,746","5,114",718,24
경상북도 봉화군 ,"30,762","30,762","1,227","1,803","1,820","1,752","3,024","5,526","7,111","4,663","3,305",510,21
경상북도 울진군 ,"47,858","47,858","2,725","3,559","4,253","4,076","5,986","8,320","8,814","5,534","3,883",695,13
경상북도 울릉군 ,"8,867","8,867",377,453,812,780,"1,213","1,783","1,818","1,049",501,79,2
경상남도  ,"3,314,183","3,314,183","250,669","319,461","362,661","379,886","527,396","579,779","494,113","249,720","131,422","18,682",394
경상남도 창원시 ,"1,032,741","1,032,741","78,953","98,134","125,367","129,935","166,304","184,802","151,447","65,921","28,070","3,743",65
경상남도 창원시 의창구 ,"218,027","218,027","17,098","19,331","27,854","28,250","33,887","41,180","32,055","12,278","5,335",741,18
경상남도 창원시 성산구 ,"251,562","251,562","18,293","25,685","36,742","34,408","40,443","51,029","31,621","9,049","3,700",584,8
경상남도 창원시 마산합포구 ,"181,322","181,322","13,189","14,271","18,856","21,324","26,814","29,467","31,732","17,049","7,542","1,062",16
경상남도 창원시 마산회원구 ,"186,881","186,881","12,175","17,589","21,079","20,252","29,306","33,657","31,035","15,312","5,834",631,11
경상남도 창원시 진해구 ,"194,949","194,949","18,198","21,258","20,836","25,701","35,854","29,469","25,004","12,233","5,659",725,12
경상남도 진주시 ,"347,097","347,097","26,794","34,686","44,515","40,721","53,267","57,288","48,836","25,856","13,220","1,860",54
경상남도 통영시 ,"125,383","125,383","8,547","12,671","10,479","12,323","20,816","21,988","21,449","11,343","5,082",673,12
경상남도 사천시 ,"109,953","109,953","7,638","10,123","10,300","11,135","17,382","18,340","17,273","10,768","6,078",895,21
경상남도 사천남양출장소 ,0,0,0,0,0,0,0,0,0,0,0,0,0
경상남도 김해시 ,"537,673","537,673","45,854","60,101","66,584","66,222","96,078","98,718","63,217","27,140","12,216","1,513",30
경상남도 장유출장소 ,0,0,0,0,0,0,0,0,0,0,0,0,0
경상남도 밀양시 ,"103,525","103,525","5,235","7,470","8,620","8,397","12,627","18,230","21,960","12,837","7,196",932,21
경상남도 거제시 ,"241,216","241,216","24,145","27,952","22,796","32,802","47,254","40,041","28,798","11,361","5,213",833,21
경상남도 양산시 ,"354,726","354,726","32,841","34,631","39,334","47,338","61,525","59,617","46,636","22,013","9,554","1,210",27
경상남도 양산시웅상출장소 ,0,0,0,0,0,0,0,0,0,0,0,0,0
경상남도 의령군 ,"26,322","26,322",986,"1,444","1,826","1,620","2,685","4,488","5,813","3,805","3,144",504,7
경상남도 함안군 ,"62,547","62,547","3,586","5,756","5,058","5,011","8,880","11,003","11,710","6,646","4,266",623,8
경상남도 창녕군 ,"60,129","60,129","2,865","4,016","4,443","4,672","6,842","10,635","12,791","7,956","5,181",712,16
경상남도 고성군 ,"50,478","50,478","2,277","4,058","3,688","3,408","6,031","8,946","10,190","6,763","4,398",704,15
경상남도 남해군 ,"42,266","42,266","1,512","2,831","3,033","2,302","4,341","7,121","8,602","6,604","4,971",936,13
경상남도 하동군 ,"43,449","43,449","1,633","2,673","3,037","2,529","4,549","8,031","9,375","6,293","4,525",790,14
경상남도 산청군 ,"34,360","34,360","1,175","2,006","2,261","1,935","3,291","6,304","7,797","5,162","3,809",606,14
경상남도 함양군 ,"38,310","38,310","1,695","2,786","2,892","2,427","4,100","6,742","7,726","5,348","3,958",624,12
경상남도 거창군 ,"61,073","61,073","3,496","5,818","5,667","4,755","7,444","10,294","10,845","6,923","5,015",792,24
경상남도 합천군 ,"42,935","42,935","1,437","2,305","2,761","2,354","3,980","7,191","9,648","6,981","5,526",732,20
제주특별자치도  ,"676,759","676,759","57,987","70,369","80,923","81,026","111,251","114,905","84,877","45,783","25,230","4,213",195
제주특별자치도 제주시 ,"493,096","493,096","43,758","52,802","62,256","61,500","81,836","82,663","58,499","30,370","16,396","2,895",121
제주특별자치도 서귀포시 ,"183,663","183,663","14,229","17,567","18,667","19,526","29,415","32,242","26,378","15,413","8,834","1,318",74
